Rowid;FREGUESIA;NAOCOMBUSTIVEL;AGRICULTURA;FOLHOSAS;EUCALIPTO;INVASORAS;PINHEIRO_BRAVO;OUTROS_PINHEIROS;MATOS;TOTAL;NAOCOMBUSTIVEL_HA;AGRICULTURA_HA;FOLHOSAS_HA;EUCALIPTO_HA;INVASORAS_HA;PINHEIRO_BRAVO_HA;OUTROS_PINHEIROS_HA;MATOS_HA;TOTAL_HA;FRAC_AGRICULTURA;FRAC_FOLHOSAS;FRAC_EUCALIPTO;FRAC_INVASORAS;FRAC_PINHEIRO_BRAVO;FRAC_OUTROS_PINHEIROS;FRAC_MATOS;LR_COS;LR_Slope;LR_Elevation;LR_total;PROBABILIDADE;HAZARD;HAZARD_SCALEDMAX;EXPOSICAO;ESPOSICAO_SCALEDMAX;VSOCIAL;VSOCIAL_SCALEDMAX;INDRISCOINC_MAX
1;Carvoeiro;721875;4771875;66250;6395625;0;35371875;0;1583750;48911250;72.1875;477.1875;6.625;639.5625;0;3537.1875;0;158.375;4891.125;0.097561911;0.001354494;0.130759795;0;0.72318485;0;0.032380076;1.441125263;1.296965;1.096474;1.724622704;0.035626;0.061441408;0.186932976;0.103574682;0.198042715;0.397098;0.502222767;0.26491938
2;Amêndoa;578750;2799375;130000;11090000;39375;12089375;13750;10880000;37620625;57.875;279.9375;13;1109;3.9375;1208.9375;1.375;1088;3762.0625;0.074410646;0.003455551;0.294785108;0.001046633;0.321349659;0.000365491;0.289203063;1.694330126;1.314281;1.27394;2.192650406;0.049144;0.107755612;0.327842048;0.103592217;0.198076245;0.458881;0.580361739;0.33527302
3;São Pedro do Esteval;3328750;14516875;538125;16130000;0;9591875;0;24381250;68486875;332.875;1451.6875;53.8125;1613;0;959.1875;0;2438.125;6848.6875;0.211965796;0.007857345;0.235519579;0;0.140054207;0;0.355998868;1.526461391;1.043574;0.62638;1.274560153;0.015268;0.019459984;0.059206208;0.087783665;0.167849084;0.369662;0.467523565;0.166864228
4;São João do Peso;371250;1167500;146250;1185625;0;6555000;0;3628125;13053750;37.125;116.75;14.625;118.5625;0;655.5;0;362.8125;1305.375;0.089437901;0.011203677;0.090826391;0;0.502154553;0;0.277937374;1.64861105;1.227757;0.911253;1.763197761;0.034101;0.060126807;0.182933355;0.1441124;0.275553934;0.733968;0.928273223;0.360350486
5;União das freguesias de Santa Ovaia e Vila Pouca da Beira;861250;2156250;706875;426250;268750;2965625;0;47500;7432500;86.125;215.625;70.6875;42.625;26.875;296.5625;0;4.75;743.25;0.290110999;0.095105954;0.057349479;0.036158762;0.399007736;0;0.006390851;0.965974079;1.378759;1.295765;1.291760429;0.02607;0.033676194;0.102458446;0.122868472;0.234933919;0.282121;0.356807613;0.204790214
6;Lourosa;510625;2651875;552500;2953125;56250;7115625;21250;66250;13927500;51.0625;265.1875;55.25;295.3125;5.625;711.5625;2.125;6.625;1392.75;0.190405672;0.039669718;0.212035541;0.004038772;0.510904685;0.001525758;0.004756776;1.240495954;1.188225;1.281061;1.531569647;0.025309;0.038762496;0.117933312;0.20602764;0.39394061;0.416673;0.526979907;0.290371353
7;União das freguesias de Espariz e Sinde;1810625;3942500;3024375;11473125;133750;2916875;100000;116250;23517500;181.0625;394.25;302.4375;1147.3125;13.375;291.6875;10;11.625;2351.75;0.167641118;0.128601042;0.487854789;0.005687254;0.124029978;0.004252153;0.004943127;1.154449231;0.882245;0.80639;0.974721688;0.033598;0.032748699;0.09963658;0.183199687;0.350291818;0.354598;0.448471634;0.250146595
8;São Gião;352500;1853125;2446875;217500;242500;8077500;0;1365625;14555625;35.25;185.3125;244.6875;21.75;24.25;807.75;0;136.5625;1455.5625;0.127313324;0.168105114;0.014942677;0.016660226;0.5549401;0;0.093821117;1.369712184;2.048757;1.852651;2.671903036;0.03757;0.100383397;0.305412387;0.046483541;0.088880086;0.387828;0.490498697;0.237015268
9;São João da Boa Vista;535000;1856250;972500;3933125;0;2287500;231875;31875;9848125;53.5;185.625;97.25;393.3125;0;228.75;23.1875;3.1875;984.8125;0.188487656;0.098749762;0.399378054;0;0.232277718;0.023545091;0.003236657;1.161947614;0.877579;1.034665;1.110963676;0.02934;0.032595674;0.099171008;0.168492837;0.322171195;0.389483;0.492591829;0.250602969
10;União das freguesias de Penalva de Alva e São Sebastião da Feira;1067500;2065625;3614375;108750;2159375;5475625;0;11250;14502500;106.75;206.5625;361.4375;10.875;215.9375;547.5625;0;1.125;1450.25;0.142432339;0.249224272;0.007498707;0.148896742;0.377564213;0;0.000775728;1.129076958;2.021609;1.250221;1.847073931;0.030501;0.056337602;0.171404854;0.106365101;0.203378211;0.298127;0.377050922;0.235998467
11;Nogueira do Cravo;1875625;5422500;655000;186250;273125;6386875;34375;147500;14981250;187.5625;542.25;65.5;18.625;27.3125;638.6875;3.4375;14.75;1498.125;0.361952441;0.043721318;0.012432207;0.018231122;0.426324572;0.002294535;0.00984564;0.888024328;1.083185;1.745361;1.255908831;0.023189;0.02912327;0.088606359;0.136009425;0.260060427;0.168318;0.212877254;0.169911513
12;Vila Facaia;541875;2178750;1361250;5108125;0;7396250;0;470625;17056875;54.1875;217.875;136.125;510.8125;0;739.625;0;47.0625;1705.6875;0.127734418;0.07980653;0.299476018;0;0.433622806;0;0.027591514;1.330272625;1.101808;1.473822;1.71314504;0.036609;0.062716527;0.190812472;0.190486565;0.364224886;0.54441;0.688533049;0.363050513
13;Madeirã;1915625;1248750;785000;9521875;11250;13225000;0;155000;26862500;191.5625;124.875;78.5;952.1875;1.125;1322.5;0;15.5;2686.25;0.046486738;0.029222894;0.354467194;0.000418799;0.49232201;0;0.005770126;1.373771685;1.881941;1.685831;2.450652076;0.038686;0.094805926;0.288443159;0.161855151;0.309479432;0.548434;0.693622333;0.395614045
14;Santiago da Guarda;2741250;12893750;2810000;3573125;0;16605000;98125;2523125;41244375;274.125;1289.375;281;357.3125;0;1660.5;9.8125;252.3125;4124.4375;0.312618387;0.068130503;0.086633026;0;0.402600355;0.002379112;0.061175009;1.079302856;0.809366;0.806175;0.871829007;0.015786;0.013762693;0.041872431;0.284072036;0.543167466;0.335322;0.424092649;0.212866616
15;Ansião;2725000;10970000;10322500;3207500;0;8346250;526250;2145000;38242500;272.5;1097;1032.25;320.75;0;834.625;52.625;214.5;3824.25;0.286853631;0.269922207;0.083872655;0;0.218245408;0.013760868;0.056089429;0.999673408;0.872591;0.700016;0.786046699;0.0115;0.009039537;0.027502422;0.235169519;0.449662112;0.243459;0.307910523;0.156156689
16;Sobral;1070000;1370625;241250;4992500;18750;10747500;0;728750;19169375;107;137.0625;24.125;499.25;1.875;1074.75;0;72.875;1916.9375;0.071500766;0.012585178;0.260441459;0.000978123;0.560659907;0;0.038016367;1.405643864;2.014;1.696148;2.607573386;0.049979;0.13032391;0.396505175;0.386726989;0.73945159;0.612379;0.774495656;0.610088068
17;Cumeeira;1349375;5035625;2775000;5301250;0;3270000;0;3558750;21290000;134.9375;503.5625;277.5;530.125;0;327;0;355.875;2129;0.236525364;0.130342884;0.249001879;0;0.153593236;0;0.167155942;1.245978233;1.330186;1.085694;1.505066947;0.022731;0.034211677;0.10408763;0.104161194;0.199164171;0.32495;0.410974843;0.204240496
18;Aguda;1105625;4071250;2423750;26735625;0;4040625;0;1287500;39664375;110.5625;407.125;242.375;2673.5625;0;404.0625;0;128.75;3966.4375;0.102642485;0.061106471;0.674046295;0;0.101870381;0;0.032459859;1.368255348;1.677027;1.423628;2.121243893;0.046006;0.097589947;0.296913427;0.248685105;0.475504946;0.398986;0.504610583;0.414553332
19;Álvaro;1323750;2326875;241250;10475625;15625;13092500;0;1935000;29410625;132.375;232.6875;24.125;1047.5625;1.5625;1309.25;0;193.5;2941.0625;0.079116816;0.008202818;0.356185052;0.000531271;0.44516225;0;0.065792549;1.436524612;2.014042;1.746513;2.701064906;0.056192;0.151778239;0.461779095;0.224205628;0.428698315;0.658513;0.832842828;0.54833971
20;Sarnadas de São Simão;244375;1308125;91875;4926250;0;21213125;0;3223125;31006875;24.4375;130.8125;9.1875;492.625;0;2121.3125;0;322.3125;3100.6875;0.042188224;0.002963053;0.158876056;0;0.68414263;0;0.103948721;1.585879789;1.780043;1.896681;2.915421141;0.031674;0.092343049;0.280949957;0.189807247;0.362925979;0.505909;0.639839581;0.402568117
21;Estreito-Vilar Barroco;841250;5544375;639375;9570000;0;67490000;148750;9271875;93505625;84.125;554.4375;63.9375;957;0;6749;14.875;927.1875;9350.5625;0.059294561;0.006837824;0.102346784;0;0.72177476;0.001590813;0.099158473;1.556660658;1.801929;1.887124;2.871301836;0.032199;0.092453048;0.281284623;0.250377387;0.47874072;0.476697;0.602894214;0.433007905
22;Alvorge;1255000;11889375;7628750;2756250;0;6623125;248750;8633750;39035000;125.5;1188.9375;762.875;275.625;0;662.3125;24.875;863.375;3903.5;0.304582426;0.195433585;0.070609709;0;0.169671449;0.006372486;0.221179711;1.22751767;0.965548;0.843036;1.110034409;0.012757;0.014160709;0.043083379;0.181713724;0.347450542;0.390282;0.49360235;0.194772059
23;Portela do Fojo-Machio;6363125;2384375;519375;23734375;50625;15203125;45000;4505000;52805000;636.3125;238.4375;51.9375;2373.4375;5.0625;1520.3125;4.5;450.5;5280.5;0.045154341;0.009835716;0.449472114;0.000958716;0.287910709;0.000852192;0.085313891;1.374735584;1.919834;1.462972;2.325231891;0.050117;0.116533647;0.354548861;0.255634781;0.488793259;0.544113;0.688157424;0.492224282
24;Oleiros-Amieira;2904375;10398125;1570625;20274375;0;97113750;135000;11244375;143640625;290.4375;1039.8125;157.0625;2027.4375;0;9711.375;13.5;1124.4375;14364.0625;0.072389862;0.010934407;0.141146525;0;0.676088328;0.000939846;0.078281301;1.500815314;1.731634;2.003644;2.802981213;0.033194;0.093042158;0.283076968;0.277883568;0.531334642;0.394476;0.498906639;0.421791008
25;Orvalho;440625;2016875;481250;4090000;0;19142500;0;7141250;33312500;44.0625;201.6875;48.125;409;0;1914.25;0;714.125;3331.25;0.06054409;0.014446529;0.122776735;0;0.574634146;0;0.214371482;1.649637864;1.720102;1.987616;3.058196002;0.040633;0.124263678;0.378067167;0.120622302;0.230639069;0.557496;0.70508334;0.3946821
26;Pedrógão Grande;4643750;7915625;4153750;32616875;580625;27962500;0;2376875;80250000;464.375;791.5625;415.375;3261.6875;58.0625;2796.25;0;237.6875;8025;0.098637072;0.051760125;0.40644081;0.007235202;0.348442368;0;0.02961838;1.33616443;1.294942;1.40414;1.803208681;0.040179;0.072451122;0.220429579;0.255176667;0.48791731;0.398409;0.503880832;0.3784263
27;Espinhal;698125;1158750;3266250;16745625;316875;5261875;0;1939375;29386875;69.8125;115.875;326.625;1674.5625;31.6875;526.1875;0;193.9375;2938.6875;0.039430868;0.111146558;0.569833472;0.010782875;0.179055276;0;0.065994598;1.465410495;1.94822;1.803794;2.749120347;0.038065;0.104645266;0.318378949;0.066511311;0.127174716;0.338494;0.428104381;0.258800393
28;Cabril;1034375;896875;1290625;7956250;35000;4495625;38750;19459375;35206875;103.4375;89.6875;129.0625;795.625;3.5;449.5625;3.875;1945.9375;3520.6875;0.025474428;0.036658323;0.225985692;0.000994124;0.12769168;0.001100637;0.552715201;1.959833938;2.058592;2.120624;4.095284676;0.079195;0.32432607;0.986748825;0.037046881;0.07083647;0.620622;0.784920847;0.379982093
29;Dornelas do Zêzere;430000;1376875;358750;2370625;0;5634375;0;6271250;16441875;43;137.6875;35.875;237.0625;0;563.4375;0;627.125;1644.1875;0.08374197;0.021819288;0.144182157;0;0.342684457;0;0.381419394;1.746211628;1.993533;1.849894;3.35571846;0.025766;0.086463442;0.263061491;0.020238834;0.038698199;0.448437;0.567152872;0.179397363
30;Gândaras;693750;2500625;1128750;1380000;635000;3188750;22500;488750;10038125;69.375;250.0625;112.875;138;63.5;318.875;2.25;48.875;1003.8125;0.249112758;0.112446298;0.137475873;0.063258826;0.317663906;0.002241454;0.048689372;1.112541523;0.806445;0.476156;0.713473435;0.034193;0.024395797;0.074223217;0.054603442;0.104405958;0.26139;0.330588442;0.136830918
31;União das freguesias de Lousã e Vilarinho;5892500;8033750;11410000;5491250;2949375;32415625;2368750;3848750;72410000;589.25;803.375;1141;549.125;294.9375;3241.5625;236.875;384.875;7241;0.110948073;0.157574921;0.07583552;0.040731598;0.447667795;0.032713023;0.053152189;1.233675105;1.768407;1.357882;1.928412455;0.016202;0.031244139;0.095059016;0.513692687;0.982219719;0.1835;0.232078424;0.278791103
32;Miranda do Corvo;4081250;6351875;3928125;18589375;126250;12100000;81250;1260625;46518750;408.125;635.1875;392.8125;1858.9375;12.625;1210;8.125;126.0625;4651.875;0.136544404;0.084441757;0.399610372;0.002713959;0.260110171;0.001746608;0.027099288;1.223255487;1.567389;0.687686;1.379266434;0.025992;0.035849893;0.109071836;0.31009339;0.592922286;0.237568;0.300459983;0.268843173
33;Unhais-o-Velho;1136250;1907500;395625;840000;0;14769375;530000;19993750;39572500;113.625;190.75;39.5625;84;0;1476.9375;53;1999.375;3957.25;0.048202666;0.009997473;0.021226862;0;0.373223198;0.013393139;0.50524354;1.897234739;2.004886;2.485665;4.259814677;0.032783;0.139649505;0.424877915;0.077262785;0.147732356;0.385039;0.486971358;0.312666294
34;União das freguesias de Covas e Vila Nova de Oliveirinha;1241875;6295625;2020625;1380000;569375;9940625;235000;189375;21872500;124.1875;629.5625;202.0625;138;56.9375;994.0625;23.5;18.9375;2187.25;0.287832895;0.092381987;0.063092925;0.026031546;0.454480512;0.010744085;0.008658132;1.056738055;1.088412;1.234202;1.2271973;0.0255;0.031293531;0.095209291;0.213163846;0.407585582;0.449549;0.568559255;0.28047315
35;Candosa;696250;1768750;1004375;2670000;13125;4469375;47500;724375;11393750;69.625;176.875;100.4375;267;1.3125;446.9375;4.75;72.4375;1139.375;0.155238618;0.088151399;0.234339002;0.001151947;0.392265496;0.004168952;0.063576522;1.276077232;1.14133;1.091407;1.424572425;0.04596;0.065473349;0.19919999;0.112776249;0.215636816;0.261533;0.330769299;0.242202788
36;União das freguesias de Oliveira do Hospital e São Paio de Gramaços;3082500;4272500;550000;94375;736875;4718125;79375;135625;13669375;308.25;427.25;55;9.4375;73.6875;471.8125;7.9375;13.5625;1366.9375;0.312560011;0.040235929;0.00690412;0.053907;0.345160258;0.005806776;0.009921814;0.786722022;1.060879;1.814343;1.131000233;0.023774;0.0268884;0.081806858;0.231717319;0.443061241;0.137613;0.174043641;0.184772447
37;Tábua;2975000;5033750;3443125;5831875;224375;6823750;106250;367500;24805625;297.5;503.375;344.3125;583.1875;22.4375;682.375;10.625;36.75;2480.5625;0.202927763;0.138804203;0.235102925;0.009045327;0.275088816;0.004283303;0.014815188;1.05444248;0.987456;0.669095;0.873368872;0.032129;0.028060468;0.08537283;0.205437308;0.39281185;0.20676;0.261496103;0.20621638
38;União das freguesias de Lagos da Beira e Lajeosa;985625;3942500;843125;410625;449375;6246250;555000;77500;13510000;98.5625;394.25;84.3125;41.0625;44.9375;624.625;55.5;7.75;1351;0.291820873;0.062407476;0.030394152;0.033262398;0.462342709;0.041080681;0.005736491;1.009920912;1.161935;1.705174;1.447776669;0.024128;0.034931955;0.106279048;0.146081064;0.279318171;0.239993;0.30352696;0.208088481
39;Meruge;280000;2580625;343750;146875;91250;3557500;218125;26250;7244375;28;258.0625;34.375;14.6875;9.125;355.75;21.8125;2.625;724.4375;0.356224657;0.047450608;0.020274351;0.01259598;0.491070658;0.030109568;0.003623501;0.999544373;1.172045;1.547966;1.359385845;0.023059;0.031346078;0.095369163;0.139124759;0.266017182;0.295038;0.373144163;0.21154273
40;Póvoa de Midões;500000;2689375;1825625;1386250;134375;2872500;48750;65625;9522500;50;268.9375;182.5625;138.625;13.4375;287.25;4.875;6.5625;952.25;0.282423208;0.191716986;0.145576267;0.014111315;0.301653977;0.005119454;0.006891573;1.028448927;1.300649;0.648785;1.002446652;0.027095;0.027161292;0.082637122;0.177610492;0.339604849;0.365036;0.461672912;0.234870147
41;Travanca de Lagos;822500;4956875;1958125;226250;430625;5772500;623125;1033750;15823750;82.25;495.6875;195.8125;22.625;43.0625;577.25;62.3125;103.375;1582.375;0.313255391;0.123745951;0.014298128;0.02721384;0.364799747;0.039379098;0.065329015;1.044605431;1.031394;1.144313;1.136377674;0.037665;0.042801665;0.130222318;0.144004235;0.275347115;0.289908;0.366656085;0.236016093
42;Ortiga;1266250;4409375;366875;1877500;0;3583750;92500;4770000;16366250;126.625;440.9375;36.6875;187.75;0;358.375;9.25;477;1636.625;0.269418773;0.022416558;0.114717788;0;0.21897197;0.005651875;0.291453448;1.342059161;1.032657;0.365937;0.938497945;0.043806;0.041111841;0.125081097;0.123418764;0.23598612;0.358134;0.452943728;0.237341745
43;União das freguesias de Mação, Penhascoso e Aboboreira;3576250;13243125;1330000;37475625;0;56370625;0;22112500;134108125;357.625;1324.3125;133;3747.5625;0;5637.0625;0;2211.25;13410.8125;0.09874961;0.009917371;0.27944336;0;0.420337135;0;0.16488561;1.531414984;1.345419;0.89248;1.71357603;0.052266;0.089561765;0.272488012;0.197382059;0.377409597;0.352021;0.445212418;0.357746892
44;Envendos;2643125;9961250;771875;23866250;88125;35316875;0;19413125;92060625;264.3125;996.125;77.1875;2386.625;8.8125;3531.6875;0;1941.3125;9206.0625;0.108203154;0.008384421;0.259244927;0.00095725;0.383626279;0;0.21087327;1.558774194;1.355368;0.794027;1.67521073;0.04609;0.077210463;0.234909679;0.174801993;0.334234784;0.483845;0.611934522;0.363540252
45;Vila de Rei;8078750;7278750;1012500;29319375;116875;74625625;131250;21391250;141954375;807.875;727.875;101.25;2931.9375;11.6875;7462.5625;13.125;2139.125;14195.4375;0.051275278;0.007132573;0.206540834;0.000823328;0.52570148;0.000924593;0.150691023;1.535091089;1.475806;0.964889;1.873344573;0.047146;0.088320703;0.268712133;0.157170887;0.300522761;0.402979;0.50966066;0.345261844
46;Cardigos;1597500;7335000;292500;21174375;0;36068125;5000;4443125;70915625;159.75;733.5;29.25;2117.4375;0;3606.8125;0.5;444.3125;7091.5625;0.103432777;0.00412462;0.298585467;0;0.508606178;7.05063E-05;0.062653682;1.441534932;1.190932;1.222426;1.73946993;0.029623;0.051528318;0.156772803;0.109763657;0.20987651;0.469637;0.593965202;0.269359224
47;Fundada;974375;2490625;103125;1026250;0;26696875;0;5251250;36542500;97.4375;249.0625;10.3125;102.625;0;2669.6875;0;525.125;3654.25;0.068156941;0.002822057;0.028083738;0;0.730570569;0;0.143702538;1.563618454;1.292549;0.856443;1.680101774;0.028952;0.048642307;0.147992231;0.141115588;0.269823801;0.477872;0.604380275;0.288985788
48;União das freguesias de Cumeada e Marmeleiro;1303750;5063125;579375;4735000;0;25985625;10000;14059375;51736250;130.375;506.3125;57.9375;473.5;0;2598.5625;1;1405.9375;5173.625;0.097864167;0.011198628;0.091521902;0;0.502271135;0.000193288;0.271750948;1.637083586;1.195954;1.008514;1.804449189;0.024934;0.044992136;0.136886737;0.244954422;0.468371596;0.370688;0.468821181;0.310923142
49;Montes da Senhora;798125;6041875;181875;1473750;0;20336250;11875;7888750;36732500;79.8125;604.1875;18.1875;147.375;0;2033.625;1.1875;788.875;3673.25;0.164483087;0.004951337;0.040121146;0;0.553630981;0.000323283;0.214762132;1.510018526;1.550156;1.174302;2.056991027;0.023408;0.048150046;0.146494549;0.204796361;0.39158631;0.478745;0.605484386;0.32627513
50;Pelmá;719375;7324375;1783750;653750;0;13003750;590625;6323750;30399375;71.9375;732.4375;178.375;65.375;0;1300.375;59.0625;632.375;3039.9375;0.240938342;0.058677193;0.021505376;0;0.427763729;0.019428853;0.208022369;1.362188269;1.072798;0.591172;1.133320207;0.016683;0.018907181;0.057524326;0.312162278;0.596878158;0.494188;0.625015651;0.277891997
51;União das freguesias de Proença-a-Nova e Peral;5347500;27361250;305625;42605625;10625;78269375;32500;17585625;171518125;534.75;2736.125;30.5625;4260.5625;1.0625;7826.9375;3.25;1758.5625;17151.8125;0.159523957;0.001781882;0.248403048;6.19468E-05;0.456332968;0.000189484;0.102529252;1.394589779;1.263865;1.287094;1.778770673;0.025554;0.045454706;0.138294086;0.320193289;0.612234065;0.279303;0.353243596;0.310407209
52;Várzea dos Cavaleiros;750000;4808750;141875;6299375;0;22311250;19375;171875;34502500;75;480.875;14.1875;629.9375;0;2231.125;1.9375;17.1875;3450.25;0.139373958;0.004112021;0.182577349;0;0.646656039;0.000561554;0.004981523;1.348212336;1.40665;1.616318;2.037801375;0.039005;0.079484443;0.241828171;0.326052316;0.623436974;0.338612;0.428253619;0.401174663
53;Pussos São Pedro;2215000;12493750;4843750;11393125;0;3467500;8125;6753750;41175000;221.5;1249.375;484.375;1139.3125;0;346.75;0.8125;675.375;4117.5;0.30343048;0.11763813;0.276700061;0;0.084213722;0.000197328;0.164025501;1.176761477;1.072296;0.84574;1.128535438;0.019588;0.022105752;0.067255848;0.308102554;0.589115655;0.324572;0.410496774;0.253365098
54;Cabeçudo;990000;2903125;283125;935000;11875;5093750;28750;155625;10401250;99;290.3125;28.3125;93.5;1.1875;509.375;2.875;15.5625;1040.125;0.279113087;0.027220286;0.089893042;0.00114169;0.489724793;0.002764091;0.014962144;1.053411194;0.755606;1.290835;1.077871929;0.011798;0.012716733;0.038690141;0.229117397;0.438089993;0.257649;0.325857078;0.176765267
55;União das freguesias de Ermida e Figueiredo;256875;3898125;293125;9708125;0;22785000;0;5798750;42740000;25.6875;389.8125;29.3125;970.8125;0;2278.5;0;579.875;4274;0.091205545;0.006858329;0.227143776;0;0.53310716;0;0.135675012;1.550306998;1.813275;1.942357;2.911191286;0.043015;0.125224893;0.380991624;0.293325245;0.560860309;0.433183;0.547860642;0.489192825
56;União das freguesias de Cernache do Bonjardim, Nesperal e Palhais;9073125;11232500;804375;35308750;218750;36283750;63750;8596250;101581250;907.3125;1123.25;80.4375;3530.875;21.875;3628.375;6.375;859.625;10158.125;0.110576509;0.007918538;0.347591214;0.002153449;0.357189442;0.000627576;0.084624377;1.343300659;1.458823;0.83123;1.538114852;0.029793;0.045825056;0.139420861;0.269103086;0.514545688;0.332024;0.419921561;0.311152499
57;Alvaiázere;1823750;9113750;3834375;7245000;0;5344375;6875;11148750;38516875;182.375;911.375;383.4375;724.5;0;534.4375;0.6875;1114.875;3851.6875;0.236617067;0.099550522;0.188099372;0;0.138754118;0.000178493;0.289451052;1.397067956;1.343318;1.142326;1.736306791;0.014107;0.02449408;0.074522238;0.227051911;0.434140625;0.334082;0.422524381;0.239105388
58;Arega;1587500;2860000;788125;21267500;0;1178750;0;965625;28647500;158.75;286;78.8125;2126.75;0;117.875;0;96.5625;2864.75;0.099834191;0.027511127;0.742385898;0;0.041146697;0;0.03370713;1.342557911;1.779685;0.998276;1.864786758;0.058633;0.109338042;0.332656528;0.192253435;0.367603276;0.417469;0.527986634;0.401174005
59;Almoster;580625;5938125;2243750;3263750;0;9920625;35625;3863125;25845625;58.0625;593.8125;224.375;326.375;0;992.0625;3.5625;386.3125;2584.5625;0.229753585;0.086813532;0.126278625;0;0.383841559;0.001378376;0.149469204;1.325399937;0.972852;0.586083;1.033106175;0.023736;0.024521808;0.0746066;0.379071301;0.724813329;0.447453;0.565908375;0.31278783
60;União das freguesias de Sobreira Formosa e Alvito da Beira;2404375;15722500;515000;10083750;0;79294375;13125;10626875;118660000;240.4375;1572.25;51.5;1008.375;0;7929.4375;1.3125;1062.6875;11866;0.132500421;0.004340131;0.084980196;0;0.668248567;0.00011061;0.089557349;1.439360617;1.611816;1.487647;2.230622488;0.021851;0.048741332;0.148293512;0.221714992;0.423936028;0.420711;0.532086897;0.322207032
61;Sertã;5351250;12917500;1172500;13110625;0;46186875;87500;2110000;80936250;535.125;1291.75;117.25;1311.0625;0;4618.6875;8.75;211;8093.625;0.15960092;0.01448671;0.161987058;0;0.570657462;0.001081098;0.026069901;1.267369727;1.240787;1.228986;1.565057767;0.032356;0.050639009;0.154067117;0.391015171;0.747650922;0.199518;0.25233691;0.307465603
62;Isna;190625;1349375;83750;1256250;0;17566875;510000;6985625;27942500;19.0625;134.9375;8.375;125.625;0;1756.6875;51;698.5625;2794.25;0.048291134;0.002997226;0.044958397;0;0.628679431;0.018251767;0.25;1.699148408;1.901629;2.332045;3.596820218;0.033668;0.121097743;0.368434939;0.382168585;0.730735573;0.465924;0.58926925;0.541350172
63;Castelo;1612500;3915000;467500;10656250;17500;7640625;0;268125;24577500;161.25;391.5;46.75;1065.625;1.75;764.0625;0;26.8125;2457.75;0.159292035;0.019021463;0.433577459;0.000712033;0.310878853;0;0.010909368;1.244161012;1.146553;1.107359;1.402114717;0.030444;0.04268598;0.129870353;0.291480645;0.557333293;0.385481;0.487530369;0.328001296
64;Carvalhal;464375;1884375;301875;3720000;0;3415000;21250;200625;10007500;46.4375;188.4375;30.1875;372;0;341.5;2.125;20.0625;1000.75;0.188296278;0.030164876;0.371721209;0;0.341244067;0.002123407;0.020047464;1.240610827;1.505805;1.287512;1.732709656;0.028651;0.049643864;0.15103943;0.453750505;0.86760568;0.43018;0.54406265;0.414655292
65;Maçãs de Dona Maria;1665000;5960625;2343125;9388750;28125;4785625;0;372500;24543750;166.5;596.0625;234.3125;938.875;2.8125;478.5625;0;37.25;2454.375;0.242857143;0.095467278;0.382531194;0.001145913;0.194983448;0;0.01517698;1.104550674;1.459562;0.8635;1.282969849;0.030972;0.039736142;0.12089559;0.313968006;0.600330849;0.419676;0.530777899;0.337731304
66;Pousaflores;838125;4641250;4194375;2991250;38750;6840625;395625;5336250;25276250;83.8125;464.125;419.4375;299.125;3.875;684.0625;39.5625;533.625;2527.625;0.183620988;0.165941348;0.118342317;0.00153306;0.270634489;0.015652045;0.211117155;1.375291027;1.156414;0.963107;1.457479106;0.014624;0.021314174;0.064847505;0.283344796;0.541776928;0.437908;0.553836503;0.268966661
67;Troviscal;819375;6112500;644375;15475625;0;28226250;10625;2085000;53373750;81.9375;611.25;64.4375;1547.5625;0;2822.625;1.0625;208.5;5337.375;0.114522588;0.012072882;0.289948242;0;0.528841425;0.000199068;0.039064147;1.413862896;1.72947;1.904487;2.568958484;0.036713;0.094314173;0.28694702;0.441849738;0.844850504;0.37848;0.478675977;0.487761749
68;Mosteiro;465625;1544375;288750;3903125;0;11055000;0;435000;17691875;46.5625;154.4375;28.875;390.3125;0;1105.5;0;43.5;1769.1875;0.087292896;0.016321051;0.220616809;0;0.624863108;0;0.024587558;1.419321364;1.781383;1.891776;2.60669652;0.04081;0.106379285;0.323654631;0.362515926;0.693158185;0.412662;0.521907065;0.489218028
69;Chão de Couce;2459375;7325000;4893750;1893750;0;445625;0;6775625;23793125;245.9375;732.5;489.375;189.375;0;44.5625;0;677.5625;2379.3125;0.30786204;0.205679162;0.079592319;0;0.01872915;0;0.284772387;1.169937075;1.02975;0.928889;1.145742191;0.012591;0.01442604;0.043890637;0.187880242;0.359241397;0.266788;0.337415468;0.174571932
70;Graça;1531875;3628125;1666250;14013125;124375;9254375;12500;1200000;31430625;153.1875;362.8125;166.625;1401.3125;12.4375;925.4375;1.25;120;3143.0625;0.115432798;0.053013581;0.445843027;0.003957128;0.294438148;0.000397701;0.038179324;1.334888772;1.134086;1.144867;1.521074386;0.051959;0.079033504;0.240456209;0.250465758;0.478909691;0.517889;0.654991077;0.422514549
71;Pedrógão Pequeno;2188750;4978125;1627500;11253125;0;16415000;0;400625;36863125;218.875;497.8125;162.75;1125.3125;0;1641.5;0;40.0625;3686.3125;0.135043489;0.044149811;0.305267798;0;0.445295943;0;0.010867907;1.278383491;1.461056;1.534627;1.914815845;0.026467;0.050679431;0.154190099;0.522991625;1;0.472824;0.597995905;0.451770879
72;Avelar;1785625;2111875;667500;3104375;15625;431875;10625;373750;8501250;178.5625;211.1875;66.75;310.4375;1.5625;43.1875;1.0625;37.375;850.125;0.24841935;0.078517865;0.365166887;0.001837965;0.050801353;0.001249816;0.043964123;0.907720048;0.905682;0.905333;0.821947312;0.024937;0.0204969;0.062360982;0.105040686;0.200845828;0.238815;0.302037105;0.155815988
73;União das freguesias de Figueiró dos Vinhos e Bairradas;3327500;6923125;2690625;30747500;288125;5923750;0;3595000;53495625;332.75;692.3125;269.0625;3074.75;28.8125;592.375;0;359.5;5349.5625;0.129414789;0.050296169;0.574766628;0.005385954;0.110733354;0;0.067201757;1.318821072;1.536454;1.215943;1.814959581;0.052526;0.095332567;0.290045442;0.287336534;0.549409436;0.29151;0.368682187;0.388750927
74;União das freguesias de São Miguel, Santa Eufémia e Rabaçal;4013125;17856250;10201875;19112500;16250;8091250;471875;7087500;66850625;401.3125;1785.625;1020.1875;1911.25;1.625;809.125;47.1875;708.75;6685.0625;0.267106702;0.152607025;0.285898599;0.000243079;0.12103477;0.007058648;0.106019951;1.139165016;1.308811;0.814402;1.209344985;0.019885;0.024047825;0.073164526;0.253242518;0.48421907;0.333114;0.42130012;0.246213207
75;Cambas;1583125;1603750;1108750;9028750;28750;30950000;0;4236875;48540000;158.3125;160.375;110.875;902.875;2.875;3095;0;423.6875;4854;0.033039761;0.022841986;0.186006386;0.000592295;0.637618459;0;0.087286259;1.533899268;1.917721;1.568933;2.674088009;0.041605;0.111255432;0.338490108;0.148501041;0.283945352;0.643973;0.814453617;0.427775296
76;Campelo;325625;829375;3589375;19901250;0;17458750;1064375;8471250;51640000;32.5625;82.9375;358.9375;1990.125;0;1745.875;106.4375;847.125;5164;0.016060709;0.069507649;0.385384392;0;0.338085786;0.020611445;0.164044345;1.619931564;1.872809;2.003354;3.139559395;0.056822;0.178396044;0.542762679;0.186550405;0.356698648;0.750542;0.9492349;0.5685409
77;Vila Nova;1041250;1916250;4214375;8981875;0;8178750;628125;1934375;26895000;104.125;191.625;421.4375;898.1875;0;817.875;62.8125;193.4375;2689.5;0.071249303;0.156697342;0.333960773;0;0.304099275;0.023354713;0.07192322;1.375411068;1.901806;1.574581;2.390730578;0.035683;0.085308439;0.259547443;0.075437531;0.144242331;0.293178;0.370791761;0.240332878
78;Podentes;626250;4044375;1861875;2138125;0;7228750;680625;697500;17277500;62.625;404.4375;186.1875;213.8125;0;722.875;68.0625;69.75;1727.75;0.234083345;0.107762987;0.12375199;0;0.418390971;0.03939372;0.040370424;1.156662537;1.122231;0.652399;1.026324019;0.017241;0.017694852;0.053835866;0.026611764;0.050883729;0.245479;0.310465282;0.09474462
79;Alvares;2156250;3091875;4446875;54763125;546250;28166875;1791250;5608125;100570625;215.625;309.1875;444.6875;5476.3125;54.625;2816.6875;179.125;560.8125;10057.0625;0.030743321;0.04421644;0.54452406;0.005431506;0.280070597;0.017810867;0.055763052;1.486997037;1.871125;1.846034;2.76370221;0.058145;0.160695465;0.48890939;0.167508224;0.32028854;0.625452;0.791029505;0.498487364
80;Lamas;991250;3851875;2014375;6393125;0;2158125;99375;155000;15663125;99.125;385.1875;201.4375;639.3125;0;215.8125;9.9375;15.5;1566.3125;0.245919955;0.128606201;0.40816408;0;0.137783808;0.006344519;0.009895854;1.081754845;1.338899;0.568296;1.031558716;0.026156;0.02698145;0.082089959;0.101443277;0.193967307;0.3376;0.42697371;0.189440677
81;Pessegueiro;231875;1050000;1580625;10457500;51875;16243750;0;2380625;31996250;23.1875;105;158.0625;1045.75;5.1875;1624.375;0;238.0625;3199.625;0.032816346;0.04940032;0.326835176;0.001621284;0.507676681;0;0.07440325;1.545232951;2.02927;1.972108;3.091530568;0.063215;0.195431105;0.594591156;0.094757001;0.181182636;0.548539;0.69375513;0.421224615
82;Pampilhosa da Serra;2225000;3403125;4896250;21980000;50000;42035625;0;25577500;100167500;222.5;340.3125;489.625;2198;5;4203.5625;0;2557.75;10016.75;0.033974343;0.048880625;0.219432451;0.000499164;0.419653331;0;0.255347293;1.687725966;2.081132;1.924523;3.380223976;0.069966;0.236500751;0.719543877;0.089160705;0.170482089;0.37927;0.479675116;0.388950567
83;Janeiro de Baixo;1198125;2567500;1408750;5729375;23750;11168125;15000;18579375;40690000;119.8125;256.75;140.875;572.9375;2.375;1116.8125;1.5;1857.9375;4069;0.063099042;0.034621529;0.14080548;0.000583681;0.274468543;0.000368641;0.456607889;1.82933423;1.935529;1.748883;3.370010494;0.033051;0.111382217;0.338875847;0.054543999;0.1042923;0.41805;0.528721444;0.265362731
84;União das freguesias de Foz de Arouce e Casal de Ermio;1593750;3186875;2193125;7758750;228750;2672500;16875;2183125;19833750;159.375;318.6875;219.3125;775.875;22.875;267.25;1.6875;218.3125;1983.375;0.160679397;0.110575408;0.391189261;0.011533371;0.134745068;0.000850822;0.110071217;1.266410963;1.031;0.405689;0.90971935;0.050298;0.045757064;0.139213998;0.139437807;0.266615756;0.256653;0.324597404;0.229247489
85;União das freguesias de Cadafaz e Colmeal;364375;1620625;10848125;9015625;882500;32104375;28750;15302500;70166875;36.4375;162.0625;1084.8125;901.5625;88.25;3210.4375;2.875;1530.25;7016.6875;0.023096725;0.154604648;0.128488336;0.01257716;0.457543178;0.000409738;0.218087238;1.647923891;2.282665;1.955646;3.492206977;0.055368;0.193356516;0.588279304;0.134230963;0.256659872;0.790681;1;0.532492932
86;União das freguesias de Semide e Rio Vide;2631875;6563125;1760625;18457500;410000;6526875;98750;865000;37313750;263.1875;656.3125;176.0625;1845.75;41;652.6875;9.875;86.5;3731.375;0.175890255;0.047184349;0.494656795;0.010987907;0.174918763;0.002646478;0.023181803;1.207201309;1.503966;0.553725;1.242023634;0.04506;0.055965585;0.170273007;0.190261691;0.363794909;0.252834;0.31976739;0.270569516
87;Celavisa;115625;604375;2055625;4065625;0;3610000;0;4811250;15262500;11.5625;60.4375;205.5625;406.5625;0;361;0;481.125;1526.25;0.03959869;0.134684685;0.266380016;0;0.236527437;0;0.315233415;1.717352493;2.259712;1.656786;3.363003802;0.060069;0.202012275;0.614614099;0.169260823;0.323639643;0.530972;0.671537573;0.511185096
88;Góis;1827500;3263750;5830000;21961875;2410625;29681250;2708125;5185625;72868750;182.75;326.375;583;2196.1875;241.0625;2968.125;270.8125;518.5625;7286.875;0.044789433;0.080006862;0.301389485;0.033081739;0.407324813;0.037164422;0.071163908;1.447380457;2.093204;1.646809;2.706610863;0.017955;0.048597198;0.147854991;0.196162505;0.375077717;0.355227;0.449267151;0.292070239
89;Serpins;1736250;3085000;3685625;11524375;1380000;13986250;136875;573750;36108125;173.625;308.5;368.5625;1152.4375;138;1398.625;13.6875;57.375;3610.8125;0.085437834;0.102071902;0.319162931;0.038218545;0.387343569;0.003790698;0.015889776;1.327570678;1.535932;0.776222;1.534773926;0.040232;0.061747025;0.187862801;0.199455946;0.381375029;0.278519;0.352252046;0.29332485
90;União das freguesias de Cepos e Teixeira;177500;1356875;3861250;1088750;0;21875625;0;4346250;32706250;17.75;135.6875;386.125;108.875;0;2187.5625;0;434.625;3270.625;0.041486719;0.118058475;0.033288745;0;0.668851519;0;0.132887445;1.569457656;2.335187;2.084015;3.467875206;0.05961;0.206720041;0.628937284;0.158513648;0.303090222;0.578884;0.732133439;0.518708267
91;Fajão-Vidual;2221875;1682500;3861250;1860625;0;18105000;780000;51076875;79588125;222.1875;168.25;386.125;186.0625;0;1810.5;78;5107.6875;7958.8125;0.021140088;0.048515404;0.023378174;0;0.227483686;0.009800457;0.641765025;2.042223093;2.247635;2.31801;4.662032826;0.069296;0.323060227;0.982897548;0.116194246;0.222172289;0.523449;0.66202299;0.524836146
92;Vila Nova do Ceira;819375;2501250;1221250;11529375;326250;3241875;0;68125;19707500;81.9375;250.125;122.125;1152.9375;32.625;324.1875;0;6.8125;1970.75;0.126918686;0.061968794;0.585024737;0.016554611;0.164499556;0;0.003456806;1.289209398;1.724807;0.99287;1.751827365;0.028921;0.050664599;0.154144974;0.149569487;0.285988302;0.436554;0.552124055;0.289804263
93;Folques;270000;1355625;3011250;1728750;126250;8316875;0;3547500;18356250;27;135.5625;301.125;172.875;12.625;831.6875;0;354.75;1835.625;0.073850868;0.164044944;0.094177732;0.006877766;0.453081376;0;0.193258427;1.543780278;2.17364;1.484645;2.823794117;0.051918;0.146605743;0.446041987;0.048560104;0.092850634;0.537202;0.679416857;0.304157814
94;Benfeita;255000;1428125;4485625;2371250;11250;10873125;51250;2295625;21771250;25.5;142.8125;448.5625;237.125;1.125;1087.3125;5.125;229.5625;2177.125;0.065596831;0.206034334;0.108916576;0.000516737;0.499425848;0.002354022;0.105442958;1.4595464;2.286836;1.849385;3.018503234;0.048096;0.145177932;0.441697929;0.128258117;0.245239332;0.695627;0.879782112;0.456769263
95;Arganil;2430625;3771875;4455625;8099375;66250;14401250;0;899375;34124375;243.0625;377.1875;445.5625;809.9375;6.625;1440.125;0;89.9375;3412.4375;0.11053316;0.130570157;0.237348669;0.001941427;0.422022381;0;0.026355794;1.268519858;1.722492;0.966197;1.705327694;0.026417;0.045049642;0.137061695;0.176166049;0.336842964;0.188211;0.238036579;0.222328818
96;São Miguel de Poiares;1699375;2761250;870000;9278125;94375;5296875;0;540625;20540625;169.9375;276.125;87;927.8125;9.4375;529.6875;0;54.0625;2054.0625;0.134428724;0.042355089;0.451696333;0.004594553;0.257873117;0;0.026319793;1.251386122;1.244069;0.77232;1.261640606;0.049376;0.062294767;0.189529283;0.161313709;0.308444153;0.263248;0.332938315;0.2689917
97;Arrifana;1050000;3331875;1691875;13891250;960625;2666250;0;245000;23836875;105;333.1875;169.1875;1389.125;96.0625;266.625;0;24.5;2383.6875;0.13977818;0.070977215;0.582763051;0.040299955;0.111854008;0;0.010278193;1.266730382;1.705096;0.71102;1.530283772;0.041553;0.063587882;0.193463533;0.202972621;0.388099179;0.275747;0.348746207;0.296950306
98;Poiares (Santo André);2845000;5741250;2053125;11521875;165625;5695000;13125;766875;28801875;284.5;574.125;205.3125;1152.1875;16.5625;569.5;1.3125;76.6875;2880.1875;0.199335981;0.071284422;0.40003906;0.005750494;0.197730182;0.000455699;0.026625871;1.13136073;0.840209;0.471953;0.742264279;0.038322;0.028445052;0.086542908;0.241679595;0.462109876;0.225878;0.28567526;0.225224927
99;Lavegadas;386875;1030625;1048125;5053125;146875;3426250;0;177500;11269375;38.6875;103.0625;104.8125;505.3125;14.6875;342.625;0;17.75;1126.9375;0.091453608;0.093006489;0.448394432;0.01303311;0.304031945;0;0.015750652;1.348699601;1.725217;0.678324;1.620827394;0.055112;0.089327039;0.27177387;0.104591429;0.199986815;0.439525;0.555881576;0.311456295
100;União das freguesias de Cerdeira e Moura da Serra;210000;1600000;2919375;736250;43125;8123125;33125;4747500;18412500;21;160;291.9375;73.625;4.3125;812.3125;3.3125;474.75;1841.25;0.086897488;0.158553971;0.039986422;0.002342159;0.441174474;0.00179905;0.257841141;1.594022117;2.232444;2.119969;3.468921293;0.0527;0.182812152;0.556198508;0.106464587;0.203568435;0.503527;0.636826988;0.416217727
101;Pombeiro da Beira;2547500;3755625;1527500;16511875;45625;7901875;0;348750;32638750;254.75;375.5625;152.75;1651.1875;4.5625;790.1875;0;34.875;3263.875;0.115066447;0.046800199;0.505897897;0.001397878;0.24210103;0;0.010685152;1.266166933;1.46195;0.731805;1.38883002;0.032655;0.045352244;0.137982351;0.231553746;0.442748477;0.477736;0.604208271;0.332957724
102;Secarias;460000;893125;203125;546875;0;4379375;121875;334375;6938750;46;89.3125;20.3125;54.6875;0;437.9375;12.1875;33.4375;693.875;0.128715547;0.029274005;0.078814628;0;0.631147541;0.017564403;0.048189515;1.308313052;1.176597;0.576982;1.147115147;0.02172;0.024915341;0.075803908;0.153469466;0.293445361;0.304805;0.385496806;0.204682105
103;Piódão;207500;1073750;615000;183750;0;5873750;0;28621875;36575625;20.75;107.375;61.5;18.375;0;587.375;0;2862.1875;3657.5625;0.029356983;0.016814477;0.005023838;0;0.160591924;0;0.782539601;2.217076594;2.402151;2.893341;5.870255684;0.055991;0.328681486;1;0.167175934;0.319653176;0.590948;0.747391173;0.620500776
104;Sarzedo;1221875;1397500;369375;2798125;0;5734375;0;29375;11550625;122.1875;139.75;36.9375;279.8125;0;573.4375;0;2.9375;1155.0625;0.120989124;0.031978789;0.242248796;0;0.496455819;0;0.002543152;1.223949143;1.092663;0.593556;1.03192315;0.027904;0.028794784;0.087606953;0.09954348;0.190334749;0.258936;0.327484788;0.176095908
105;Pomares;263125;2160625;2358125;1360000;50000;13842500;10000;11481875;31526250;26.3125;216.0625;235.8125;136;5;1384.25;1;1148.1875;3152.625;0.068534158;0.074798779;0.043138654;0.00158598;0.439078546;0.000317196;0.364200468;1.757286486;2.355789;1.956832;3.789255302;0.066764;0.252985841;0.769699091;0.208290919;0.398268173;0.522161;0.660394015;0.587173664
106;São Martinho da Cortiça;2850000;4576875;1480625;12708125;473750;9368750;0;86875;31545000;285;457.6875;148.0625;1270.8125;47.375;936.875;0;8.6875;3154.5;0.145090347;0.046936916;0.40285703;0.015018228;0.296996354;0;0.002754002;1.20229081;1.284451;0.550744;1.103219041;0.041057;0.045294864;0.137807775;0.156383594;0.299017395;0.347444;0.439423737;0.262593857
107;União das freguesias de Vila Cova de Alva e Anseriz;385625;2355000;2603125;5888125;0;5572500;66875;259375;17130625;38.5625;235.5;260.3125;588.8125;0;557.25;6.6875;25.9375;1713.0625;0.137473093;0.151957386;0.343719216;0;0.325294611;0.003903827;0.015141012;1.283601227;1.614168;1.153785;1.776473934;0.037076;0.065864548;0.200390197;0.16683396;0.318999296;0.556455;0.703766753;0.355657235
108;União das freguesias de Côja e Barril de Alva;2030625;3101875;3223750;3296875;0;11926875;92500;622500;24295000;203.0625;310.1875;322.375;329.6875;0;1192.6875;9.25;62.25;2429.5;0.127675448;0.132691912;0.13570179;0;0.490918913;0.003807368;0.025622556;1.22606358;1.372734;0.833403;1.352432114;0.036816;0.049791141;0.151487512;0.143995881;0.275331141;0.311055;0.393401384;0.254110543
109;Aldeia das Dez;411250;1845000;3125000;738125;241875;7385625;0;4946875;18693750;41.125;184.5;312.5;73.8125;24.1875;738.5625;0;494.6875;1869.375;0.098696088;0.167168171;0.039485122;0.012938816;0.395085256;0;0.264627215;1.564244937;2.214698;1.919842;3.233716631;0.050698;0.163942966;0.498789779;0.118278115;0.226156805;0.370764;0.4689173;0.375382902
110;Carapinha;813750;1136875;496250;3410625;0;3452500;0;105625;9415625;81.375;113.6875;49.625;341.0625;0;345.25;0;10.5625;941.5625;0.120743445;0.052704945;0.362230335;0;0.36667773;0;0.011218055;1.248883508;1.347024;0.699071;1.27766715;0.058065;0.074187743;0.225713179;0.044639526;0.085354189;0.287586;0.363719376;0.191359223
111;Mouronho;970000;4106875;1926875;8459375;0;8472500;0;82500;24018125;97;410.6875;192.6875;845.9375;0;847.25;0;8.25;2401.8125;0.170990658;0.080225871;0.352207968;0;0.35275443;0;0.003434906;1.237380929;0.97005;0.726294;1.049511857;0.018081;0.018976224;0.057734386;0.175180261;0.334958062;0.310936;0.393250881;0.196651938
112;Avô;341250;2094375;1928750;428125;154375;2140000;0;88125;7175000;34.125;209.4375;192.875;42.8125;15.4375;214;0;8.8125;717.5;0.291898955;0.268815331;0.05966899;0.021515679;0.29825784;0;0.01228223;1.000509493;1.911243;1.15843;1.535618489;0.034833;0.053490199;0.162741746;0.203866005;0.389807398;0.332581;0.420626017;0.298823715
113;União das freguesias de Pinheiro de Coja e Meda de Mouros;545625;2757500;1228125;7281875;0;7875625;0;158125;19846875;54.5625;275.75;122.8125;728.1875;0;787.5625;0;15.8125;1984.6875;0.13893875;0.061880019;0.36690285;0;0.396819399;0;0.007967249;1.310556155;0.995024;0.80876;1.181980112;0.032269;0.038141316;0.116043397;0.106970277;0.204535353;0.402662;0.509259739;0.229496494
114;Alvoco das Várzeas;505625;879375;1205000;888125;159375;7198750;0;777500;11613750;50.5625;87.9375;120.5;88.8125;15.9375;719.875;0;77.75;1161.375;0.075718437;0.103756323;0.076471854;0.013722958;0.619847164;0;0.066946507;1.408773613;2.155913;1.415962;2.515981624;0.032897;0.082768248;0.251819013;0.04864272;0.093008603;0.355278;0.449331652;0.219142301
115;Bobadela;663750;2228125;395000;38125;239375;1851875;177500;90000;5683750;66.375;222.8125;39.5;3.8125;23.9375;185.1875;17.75;9;568.375;0.392016714;0.069496371;0.006707719;0.042115681;0.325819221;0.031229382;0.015834616;0.826524079;0.936496;1.418132;0.97307837;0.023165;0.02254136;0.068581169;0.09679519;0.185079808;0.184791;0.233711193;0.143686008
116;União das freguesias de Ázere e Covelo;2879375;4478750;2666250;10983125;155000;3978750;0;344375;25485625;287.9375;447.875;266.625;1098.3125;15.5;397.875;0;34.4375;2548.5625;0.175736322;0.104617799;0.430953724;0.00608186;0.156117419;0;0.013512519;1.111915337;1.247877;0.585611;1.019341713;0.039764;0.040533104;0.123320313;0.122038997;0.2333479;0.369965;0.467906779;0.237902653
117;Midões;1232500;7566875;1406875;1148125;428750;5638750;969375;1666875;20058125;123.25;756.6875;140.6875;114.8125;42.875;563.875;96.9375;166.6875;2005.8125;0.377247375;0.070139906;0.057239897;0.021375378;0.281120494;0.048328296;0.083102234;0.979236655;1.000069;0.929472;0.944738637;0.030736;0.029037487;0.088345368;0.20067559;0.383707081;0.341945;0.432468973;0.244744449
118;Lagares;782500;3139375;2797500;211875;73750;4382500;748125;1057500;13193125;78.25;313.9375;279.75;21.1875;7.375;438.25;74.8125;105.75;1319.3125;0.237955374;0.212042257;0.016059501;0.005590033;0.332180586;0.056705671;0.080155384;1.091990948;1.122607;1.159171;1.24584046;0.052416;0.065301974;0.198678588;0.110929627;0.212105934;0.225657;0.285395754;0.229113386
119;União das freguesias de Ervedal e Vila Franca da Beira;1008750;7061875;2518125;1735625;1501250;9633750;1035000;4283750;28778125;100.875;706.1875;251.8125;173.5625;150.125;963.375;103.5;428.375;2877.8125;0.245390379;0.087501357;0.060310566;0.052166359;0.334759474;0.035964817;0.148854382;1.246842412;1.121262;0.940572;1.285391039;0.047158;0.060616471;0.184423137;0.111333741;0.21287863;0.365697;0.462508901;0.262838626
120;Seixo da Beira;1217500;7834375;1810000;2426250;549375;14540625;1081875;4270000;33730000;121.75;783.4375;181;242.625;54.9375;1454.0625;108.1875;427;3373;0.232267269;0.053661429;0.071931515;0.01628743;0.431088793;0.032074563;0.126593537;1.26670132;0.955124;1.052373;1.27144955;0.039862;0.050682522;0.154199504;0.123504312;0.236149693;0.33107;0.418715006;0.247968375
121;União das freguesias de Castanheira de Pêra e Coentral;3220625;3336875;3701250;20405000;81250;25556250;1879375;8601250;66781875;322.0625;333.6875;370.125;2040.5;8.125;2555.625;187.9375;860.125;6678.1875;0.049966776;0.055422972;0.305546977;0.001216647;0.382682427;0.028141992;0.128796174;1.481142012;1.741559;2.094512;2.840882959;0.033641;0.095570144;0.29076826;0.175996703;0.336519161;0.379869;0.48043269;0.36090795
